1715,3,BRINSON,FELIX
1721,3,CARR,JUNE
1722,3,CAMPBELL,RUBY
1723,3,DHARAMCY,RAANI
1724,3,AHMED,HAJRA
1725,3,DAVIS,NATALIE
1730,3,Rathbun,Elizabeth
1733,3,NGUYEN,JOSHUA
1734,3,ROMAN,AYDEN
1735,3,WILSON,LEANNE
1736,3,TOWNSEND,VIVIAN
1737,3,MCMURTRIE,PEYTON
1738,3,GUNTER,MATTHEW
1739,3,REGAN,CONNOR
1751,3,DAVILA,LUCY
1773,3,Ray,Jeremy
1776,3,TAM,JAMES
1781,3,STUART,REIGN
1785,3,DIP,ISABELLA
1802,3,DIAWARA,YUSUF
1806,3,TESE,JULIA
1815,3,RUTHVEN,CADEL
1846,3,ROSCOE,ADDELYN
1904,3,PRUDHOMME,AMARE
1952,3,SINCLAIR,KADE
1957,3,STOVALL,PIPER
1960,3,WARD,ESTEBAN
2015,3,MIR,ARHAM
2045,3,Spiess,Tyler
2062,3,MCCARTNEY,YUTAKA
2142,3,Russell,Yusuf
2193,3,LeMere,Caleb
2195,3,Halmon,Bella
2213,3,Iyoob,Muhammed
1635,4,Abels,Jonathan
1637,4,CAPELLO,JOSIAH
1646,4,WARD,KADIN
1647,4,REGAN,MADILYNE
1648,4,TULL,ASHLEY
1649,4,ZAWAIDEH,SARAH
1656,4,HARDICK,MOLLY
1657,4,MILBERGER,BLAKE
1676,4,BORNE,SEQUOIA
1702,4,JARVIS,GAVIN
1748,4,ASIF,TAHA
1750,4,VAN ALLEN,AVA
1755,4,BORRACINI,IGOR
1845,4,ROSCOE,GRANT
1849,4,BURROW,JACKSON
1856,4,TALAVERA,LAILAH
1872,4,MATOS,ALEXANDER
1878,4,Khuzaima,Muhammad
1911,4,AICKLEN,ETHAN
1917,4,Faisal,Noor
1934,4,KUHN,KEEGAN
1972,4,LARA,SOFIA
2017,4,BATES,SENYA
2018,4,Spiess,Jackson
2037,4,DEJESUS,DAMON
2038,4,DEJESUS,NOAH
2068,4,WALKER,KARA
2070,4,KHAN,YUSEF
2082,4,CADENHEAD,JAMES
2091,4,BURKS,ALETTRA
2110,4,DANG,KHANG
2111,4,VELASCO-SANTOS,GILBERTO
2136,4,Hall,Hailey
1506,5,LESCHBER,SABRINA
1515,5,MOSS,JACOB
1516,5,GUTMAN,AARON
1517,5,HEROLD,BELLA
1526,5,SHERWOOD,BROOKLYN
1527,5,DAVIS,KAYLEE
1530,5,PALM,PAYTON
1533,5,LINAN,ALICIA
1572,5,CALVILLO,NOAH
1598,5,LUGO,ELI
1703,5,BRADLEY,SARA
1740,5,DIAWARA,HABIBA
1753,5,HO,JOSIAH
1780,5,CAMPBELL,AMELIA
1801,5,SILVA-GONZALEZ,MARICELA
1824,5,BELOTA,DAVID
1850,5,WARD,ISABELLA
1877,5,Huzaifa,Muhammad
1888,5,KARPE,SAMARTH
1900,5,SINCLAIR,EVE
1908,5,CORREA,DONOVAN
1922,5,GARCIA,JOCELYN
1959,5,WARD-PAGE,AMIRA
1971,5,LARA,ISABELLA
2020,5,STEADMAN,MEI YIN
2024,5,SANFORD,RACHAEL ANN
2073,5,GEBERT,ANTHONY
2077,5,HALEY,KIRA
2090,5,Gabler,Nathaniel
2095,5,ELLIS,KIRA
2103,5,MCCARTNEY,GAKUTO
2137,5,Rodriguez-Chairez,Daniella
2154,5,Halmon,Caden
2181,5,Mitchell,Elaine
2186,5,Russell,Arwaa
2202,5,Kim,Jessica
2211,5,Halmon,Jack
1377,6,Hunter,Micah
1381,6,VOGEL,XANDER
1384,6,Ray,Nathan
1387,6,ZAWAIDEH,JACOB
1389,6,AUDINO,MIRANDA
1392,6,CAMPBELL,MAYA
1395,6,CAPELLO,JEWEL
1483,6,ZARATE,ALEJANDRO
1539,6,SIDDIQUI,MUBASHIRA
1540,6,TOWNSEND,JAMES
1577,6,MAZID,MARZUQ
1579,6,JAMES,ZANE
1693,6,JARVIS,CARLY
1701,6,HUDAK,LINA
1796,6,PEARCE,RILEY
1820,6,RUTHVEN,CARTER
1826,6,FRANKLIN,KIERA
1873,6,HARPER,LARA
1899,6,TUKDI,HASAN
1933,6,KUHN,KEVIN
1978,6,NEWSOM,NICKOLAS
2022,6,KREITLER,HELEN
2023,6,SANFORD,JOSHUA
2025,6,STEVENS,JOZLYNN
2029,6,HIGGINS,ELEANOR
2051,6,WILSON,VINCENT
2057,6,KINIKIN,SOPHIA
2081,6,Rahman,Raiyan
2101,6,DANG,THIENBAO
2113,6,ALVA-LUGO,ENOC
2135,6,Boudreaux,Sydney
2174,6,Garratachea,Alyssa
2188,6,Azeez,Abdurahman
2190,6,Kim,Jonathan
2196,6,Harden,Pia
2203,6,Tenrreiro,Lucas
2204,6,Syed,Zunnoon
2206,6,Green,Jocelyn
2207,6,Maldonado Vences,Yareli
2215,6,Morrow,Autumn
1,7,CARTAGENA,AYANNI
1305,7,NGUYEN,RACHEL
1359,7,Abels,Elizabeth
1360,7,BRINSON,CHARLOTTE
1362,7,Fox,Greta
1365,7,HEROLD,MARIANNA
1367,7,HINOJOSA,CALEB
1372,7,LESCHBER,BLAKE
1373,7,MOSS,LEVI
1391,7,KLIEWER,ZACHARY
1394,7,NICHOLS,ANICA
1442,7,PALM,AVERY
1457,7,NGUYEN,ETHAN
1571,7,CALVILLO,MIA
1679,7,EDDLEMAN,RACHEL
1756,7,ROSCOE,BRYNNA
1779,7,WINKLER,LOGAN
1789,7,Rangel,Arabelle
1792,7,SINGH,MAHIMA
1797,7,GALIB,RAFIAH
1918,7,KARPE,SURAVI
1920,7,BURROW,SAVANNAH
1931,7,HERBOWY,SARA
1948,7,IYOOB,YUSUF
2019,7,CARRILLO,KIMBERLY
2035,7,KREITLER,MARTIN
2041,7,LARA,NAYELI
2042,7,HEFFERNAN,KELLYN
2049,7,DESAI,KIRTAN
2080,7,KARREN,ALEXANDRA
2107,7,HUNEYCUTT,CHRISTOPHER
2179,7,Alva-Lugo,Jefte
2185,7,Reed,Cole
2199,7,Mintier,Katherine
2205,7,Syed,Nibraas
34,8,HUBBARD,JENNA
1214,8,CLARKE,GREGORY
1221,8,DENIS,RANDY
1222,8,GUNTER,MORGAN
1227,8,NUNNALLY,THOMAS
1235,8,YOUNG,LOGAN
1405,8,HAGEMAN,KIMBER
1406,8,LINAN,ANDREA
1407,8,MCMURTRIE,KIERA
1549,8,HINEGARDNER,JACOB
1583,8,RIOS,ARYANNA
1603,8,DATHE,REAGAN
1609,8,LAURENCE,TARYN
1687,8,BROCHI,VELANDRA
1808,8,WATTS,CAMERON
1813,8,RUTHVEN,MILLA
1853,8,GREEN,CHLOE
1860,8,SIDDIQUI,AMMAAR
1874,8,CHIU,KATIE
1879,8,ROSHOLT,CALYNNE
1901,8,HARPER,EVAN
1949,8,MOULTON,ALEXANDRIA
1970,8,TCHARIKOVA,DARIA
1975,8,AHMED,KALID
2026,8,BONILLA,KATHRYN
2027,8,NGUYEN,TAYLOR
2028,8,TENRREIRO,SOPHIA
2040,8,Huneycutt,Andrew
2079,8,OLSON,MICHAEL
2088,8,Underwood,Riley
2092,8,HILL,TARYN
2182,8,Mitchell,Eva
2183,8,Rodriguez-Chairez,Samantha
2187,8,Azeez,Jafar
2210,8,Ali,Mohammad
2214,8,Dinhoble,Eden
1136,9,Abels,Eliana
1144,9,RODRIGUEZ,MAURICIO
1145,9,HERRERA,OLIVIA
1191,9,KLIEWER,ISAAC
1207,9,DALLO,KENNETH
1336,9,THOMAS,JAYDEN
1341,9,RESSLER,ABIGAIL
1412,9,MONROY,ARYAH
1414,9,WILLIAMS,DEMARCUS
1415,9,VOGEL,BRYSON
1416,9,KRAATZ,CHYANNE
1460,9,LITTLE,ELISE
1552,9,AMSDEN,KYLIE
1670,9,GAONA,RUBY
1764,9,SINGH,JUS
1767,9,HERBOWY,HANNA
1799,9,GALIB,HISHAM
1809,9,REDDING,SARIAH
1814,9,MOHLER,MEA
1831,9,BEN KHALED,HAYTHEM
1925,9,WYDERMYER,DENVER
1932,9,LAWRENCE,JACK
1956,9,CARROZZA,COBY
1962,9,CRACIUN,JULIA
2039,9,Fairbanks,Oliver
2058,9,Webb,Jacob
2063,9,WAUGH,CAROLYN
2074,9,WALKER,COLT
2084,9,JARVIS,ETHAN
2093,9,KARREN,ISABELLE
2097,9,OLSON,GRACE
2116,9,Gabler,Dominic
2117,9,McCourt,Trinity
2118,9,Montgomery,Joel
2124,9,Underwood,Liana
2143,9,Ramsey,Tommy
2175,9,Olson,Olivia
2178,9,Meadows,Jacob
2200,9,Thomas,Desmend
15,10,PEREZ,KRISTIN
18,10,SIDDIQUI,HANZALA
39,10,GAONA,CRYSTAL
987,10,SCHOLLING,LAUREN
991,10,HINOJOSA,HANNAH
1154,10,Fox,Matiss
1179,10,AHMED,ISMAIL
1208,10,DALLO,KATHRYNE
1264,10,WALLACE,DARCY
1337,10,THOMAS,MADISON
1427,10,HENNINGER,LANDON
1564,10,CARRILLO,JOSHUA
1586,10,JAMES,MATTEO
1752,10,JOHNSON,NOA
1761,10,MATNEY,DYLAN
1783,10,LOVE,JAIDEN
1825,10,NELSON,SAMUEL
1881,10,CHIU,JESSICA
1946,10,HAMED,EESHANA
1966,10,SAGAR,NATASHA
1973,10,MOULTON,ELLIOT
2048,10,Huneycutt,Laura
2053,10,GRANT,BERNARD
2059,10,Navarrete,Madeline
2069,10,STONER,SYDNEY
2089,10,PATTON,CIERRA
2099,10,GEORGE,GOLLORIA
2106,10,LUTTON,COBEN
2121,10,Morse,Alexander
2123,10,Dinhoble,Adele
2133,10,Meyers,Sarah
2139,10,Burbridge,Thomas
2140,10,Broz,Matthew
2148,10,Mitchell,Elijah
2164,10,Goodman,Haley
19,11,PATTERSON,COLLIN
843,11,CLARKE,MEGAN
847,11,HERRERA,JAYDEN
848,11,HINOJOSA,JOSHUA
851,11,LONG,ANGELIA
924,11,PETERSON,CONNOR
925,11,DENIS,RYLAN
958,11,HUDSON,MACKENZIE
1008,11,SCHOLLING,LINDSEY
1072,11,BENNEFIELD,SAMANTHA
1178,11,AHMED,HAMZAH
1265,11,GUNTER,THOMAS
1269,11,CAPELLO,JASMINE
1419,11,BLASCHKE,RYAN
1422,11,EAGLE,CAMERON
1611,11,FIOCCA,AUTUMN
1692,11,AMES,RYAN
1778,11,MORAN,CADEN
1793,11,SILVA GONZALEZ,YUSLAND
1861,11,PARKS,HANNAH
1863,11,FRYE,ERIN
1864,11,GALIB,MUBASSHARA
1865,11,HERBOWY,DANIEL
1876,11,ESTRADA,JOSEPH
1982,11,COOK,NICOLE
1983,11,CAREY,MILES
1984,11,ROSHOLT,CHANDLER
1986,11,GIBBY,JARED
2060,11,Ferguson,Cody
2096,11,SORENSEN,CHANDLER
2102,11,SMITH,DON
2105,11,BUCKALEW,ANNA
2131,11,Baldridge,Jacquelin
676,12,MOORE,SARA
734,12,CHAMBERS,JOHN TAYLOR
857,12,HALL,JEREMY
935,12,TRINIDAD ESCOBAR,EMILCE
959,12,HUDSON,CAITLIN
1159,12,Fox,Anna
1273,12,HOLDEN,WARNER
1275,12,BATES,DANIEL
1333,12,HOPKINS,SYDNEY
1433,12,ZUNIGA,JESSAMYN
1437,12,HAMMETT,RIENNE
1455,12,NGUYEN,DAN
1573,12,MARKERT,SELESTE
1606,12,PROCASKY,JOSEPH
1677,12,ARREAGA,SAXONEE
1718,12,HILL,JORDAN
1770,12,BRANDON,MATTHEW
1837,12,MCBRIDE,LAUREN
1859,12,SCHAEFERS,SEAN
1882,12,MCDONALD,SAMUEL
1947,12,HAMED,PAREESA
2043,12,VILLANUEVA,MIA
2078,12,APINERU,CALEB
2122,12,Sumner,McKenzie
2177,12,Meadows,Jasmine
