1516@chaparralstaracademy.com,AARON,GUTMAN
2188@chaparralstaracademy.com,Abdurahman,Azeez
2192@chaparralstaracademy.com,Abigail,Abraham
1056@chaparralstaracademy.com,ABIGAIL,DELUNA
1846@chaparralstaracademy.com,ADDELYN,ROSCOE
2123@chaparralstaracademy.com,Adele,Dinhoble
1483@chaparralstaracademy.com,ALEJANDRO,ZARATE
2091@chaparralstaracademy.com,ALETTRA,BURKS
1322@chaparralstaracademy.com,ALEXA,SMITH
2121@chaparralstaracademy.com,Alexander,Morse
2080@chaparralstaracademy.com,ALEXANDRA,KARREN
1949@chaparralstaracademy.com,ALEXANDRIA,MOULTON
2210@chaparralstaracademy.com,Ali,Mohammad
1533@chaparralstaracademy.com,ALICIA,LINAN
1904@chaparralstaracademy.com,AMARE,PRUDHOMME
1780@chaparralstaracademy.com,AMELIA,CAMPBELL
1959@chaparralstaracademy.com,AMIRA,WARD-PAGE
1860@chaparralstaracademy.com,AMMAAR,SIDDIQUI
2160@chaparralstaracademy.com,Ana,Ryniker
1406@chaparralstaracademy.com,ANDREA,LINAN
0851@chaparralstaracademy.com,ANGELIA,LONG
1394@chaparralstaracademy.com,ANICA,NICHOLS
2105@chaparralstaracademy.com,ANNA,BUCKALEW
1159@chaparralstaracademy.com,Anna,Fox
2073@chaparralstaracademy.com,ANTHONY,GEBERT
1789@chaparralstaracademy.com,Arabelle,Rangel
2015@chaparralstaracademy.com,ARHAM,MIR
2186@chaparralstaracademy.com,Arwaa,Russell
1583@chaparralstaracademy.com,ARYANNA,RIOS
2215@chaparralstaracademy.com,Autum,Morrow
1611@chaparralstaracademy.com,AUTUMN,FIOCCA
1442@chaparralstaracademy.com,AVERY,PALM
0001@chaparralstaracademy.com,AYANNI,CARTAGENA
1734@chaparralstaracademy.com,AYDEN,ROMAN
1875@chaparralstaracademy.com,AYUSH,SHARMA
2195@chaparralstaracademy.com,Bella,Halmon
1629@chaparralstaracademy.com,BENJAMIN,HECK
2053@chaparralstaracademy.com,BERNARD,GRANT
1372@chaparralstaracademy.com,BLAKE,LESCHBER
2157@chaparralstaracademy.com,Blake,Thomas
2150@chaparralstaracademy.com,Brandon,Chen
1526@chaparralstaracademy.com,BROOKLYN,SHERWOOD
1815@chaparralstaracademy.com,CADEL,RUTHVEN
2154@chaparralstaracademy.com,Caden,Halmon
1778@chaparralstaracademy.com,CADEN,MORAN
0959@chaparralstaracademy.com,CAITLIN,HUDSON
1367@chaparralstaracademy.com,CALEB,HINOJOSA
2193@chaparralstaracademy.com,Caleb,LeMere
1422@chaparralstaracademy.com,CAMERON,EAGLE
1808@chaparralstaracademy.com,CAMERON,WATTS
1693@chaparralstaracademy.com,CARLY,JARVIS
1820@chaparralstaracademy.com,CARTER,RUTHVEN
1984@chaparralstaracademy.com,CHANDLER,ROSHOLT
2096@chaparralstaracademy.com,CHANDLER,SORENSEN
1360@chaparralstaracademy.com,CHARLOTTE,BRINSON
2151@chaparralstaracademy.com,Charlotte,Leatherman
1853@chaparralstaracademy.com,CHLOE,GREEN
2107@chaparralstaracademy.com,CHRISTOPHER,HUNEYCUTT
2089@chaparralstaracademy.com,CIERRA,PATTON
2106@chaparralstaracademy.com,COBEN,LUTTON
2222@chaparralstaracademy.com,Cole,Reed
0019@chaparralstaracademy.com,COLLIN,PATTERSON
0924@chaparralstaracademy.com,CONNOR,PETERSON
1739@chaparralstaracademy.com,CONNOR,REGAN
1622@chaparralstaracademy.com,CORINE,PEREZ
0039@chaparralstaracademy.com,CRYSTAL,GAONA
2037@chaparralstaracademy.com,DAMON,DEJESUS
1275@chaparralstaracademy.com,DANIEL,BATES
1865@chaparralstaracademy.com,DANIEL,HERBOWY
2156@chaparralstaracademy.com,Daniel,Mates
2137@chaparralstaracademy.com,Daniella,Rodriguez-Chairez
1264@chaparralstaracademy.com,DARCY,WALLACE
1970@chaparralstaracademy.com,DARIA,TCHARIKOVA
1285@chaparralstaracademy.com,DARLENE,VILLALBA
1824@chaparralstaracademy.com,DAVID,BELOTA
2158@chaparralstaracademy.com,Declan,Ruthven
2200@chaparralstaracademy.com,Desmend,Thomas
2116@chaparralstaracademy.com,Dominic,Gabler
2102@chaparralstaracademy.com,DON,SMITH
1908@chaparralstaracademy.com,DONOVAN,CORREA
2163@chaparralstaracademy.com,Dylan,Jarvis
1761@chaparralstaracademy.com,DYLAN,MATNEY
2214@chaparralstaracademy.com,Eden,Dinhoble
1946@chaparralstaracademy.com,EESHANA,HAMED
2181@chaparralstaracademy.com,Elaine,Mitchell
2029@chaparralstaracademy.com,ELEANOR,HIGGINS
1598@chaparralstaracademy.com,ELI,LUGO
2148@chaparralstaracademy.com,Elijah,Mitchell
1359@chaparralstaracademy.com,Elizabeth,Abels
1730@chaparralstaracademy.com,Elizabeth,Rathbun
1973@chaparralstaracademy.com,ELLIOT,MOULTON
2170@chaparralstaracademy.com,Elliott,Finger
0935@chaparralstaracademy.com,EMILCE,TRINIDAD ESCOBAR
2113@chaparralstaracademy.com,ENOC,ALVA-LUGO
1863@chaparralstaracademy.com,ERIN,FRYE
2159@chaparralstaracademy.com,Essma,Sassi
1960@chaparralstaracademy.com,ESTEBAN,WARD
1457@chaparralstaracademy.com,ETHAN,NGUYEN
2182@chaparralstaracademy.com,Eva,Mitchell
1901@chaparralstaracademy.com,EVAN,HARPER
1900@chaparralstaracademy.com,EVE,SINCLAIR
2165@chaparralstaracademy.com,Evelyn,Campbell
2161@chaparralstaracademy.com,Ezra,Bates
1715@chaparralstaracademy.com,FELIX,BRINSON
2103@chaparralstaracademy.com,GAKUTO,MCCARTNEY
1702@chaparralstaracademy.com,GAVIN,JARVIS
2111@chaparralstaracademy.com,GILBERTO,VELASCO-SANTOS
2099@chaparralstaracademy.com,GOLLORIA,GEORGE
2097@chaparralstaracademy.com,GRACE,OLSON
1214@chaparralstaracademy.com,GREGORY,CLARKE
1362@chaparralstaracademy.com,Greta,Fox
1740@chaparralstaracademy.com,HABIBA,DIAWARA
1724@chaparralstaracademy.com,HAJRA,AHMED
2164@chaparralstaracademy.com,Haley,Goodman
0991@chaparralstaracademy.com,HANNAH,HINOJOSA
1861@chaparralstaracademy.com,HANNAH,PARKS
1899@chaparralstaracademy.com,HASAN,TUKDI
2022@chaparralstaracademy.com,HELEN,KREITLER
1785@chaparralstaracademy.com,ISABELLA,DIP
1971@chaparralstaracademy.com,ISABELLA,LARA
1850@chaparralstaracademy.com,ISABELLA,WARD
2173@chaparralstaracademy.com,Isabelle,Spiess
1179@chaparralstaracademy.com,ISMAIL,AHMED
2198@chaparralstaracademy.com,J'Lan,Mims
2211@chaparralstaracademy.com,Jack,Halmon
2018@chaparralstaracademy.com,JACKSON,SPIESS
1549@chaparralstaracademy.com,JACOB,HINEGARDNER
1631@chaparralstaracademy.com,JACOB,HUBBARD
2178@chaparralstaracademy.com,Jacob,Meadows
1387@chaparralstaracademy.com,JACOB,ZAWAIDEH
2131@chaparralstaracademy.com,JACQUELIN,BALDRIDGE
2187@chaparralstaracademy.com,Jafar,Azeez
1783@chaparralstaracademy.com,JAIDEN,LOVE
2082@chaparralstaracademy.com,JAMES,CADENHEAD
1540@chaparralstaracademy.com,JAMES,TOWNSEND
1986@chaparralstaracademy.com,JARED,GIBBY
1269@chaparralstaracademy.com,JASMINE,CAPELLO
2177@chaparralstaracademy.com,Jasmine,Meadows
2179@chaparralstaracademy.com,Jefte,Alva-Lugo
1286@chaparralstaracademy.com,JENNA,ABSHIRE
0034@chaparralstaracademy.com,JENNA,HUBBARD
0857@chaparralstaracademy.com,JEREMY,HALL
1773@chaparralstaracademy.com,Jeremy,Ray
1433@chaparralstaracademy.com,JESSAMYN,ZUNIGA
2202@chaparralstaracademy.com,Jessica,Kim
1395@chaparralstaracademy.com,JEWEL,CAPELLO
1922@chaparralstaracademy.com,JOCELYN,GARCIA
2206@chaparralstaracademy.com,Jocelyn,Green
2118@chaparralstaracademy.com,Joel,Montgomery
0734@chaparralstaracademy.com,JOHN TAYLOR,CHAMBERS
2190@chaparralstaracademy.com,Jonathan,Kim
1876@chaparralstaracademy.com,JOSEPH,ESTRADA
1606@chaparralstaracademy.com,JOSEPH,PROCASKY
1564@chaparralstaracademy.com,JOSHUA,CARRILLO
0848@chaparralstaracademy.com,JOSHUA,HINOJOSA
1851@chaparralstaracademy.com,JOSHUA,HOFFMAN
0865@chaparralstaracademy.com,JOSHUA,MOGHADDASI
1733@chaparralstaracademy.com,JOSHUA,NGUYEN
2023@chaparralstaracademy.com,JOSHUA,SANFORD
2025@chaparralstaracademy.com,JOZLYNN,STEVENS
1806@chaparralstaracademy.com,JULIA,TESE
1930@chaparralstaracademy.com,JULIE,WEGER
2167@chaparralstaracademy.com,Juliet,Mendoza
1952@chaparralstaracademy.com,KADE,SINCLAIR
2180@chaparralstaracademy.com,Kaden,McHam
1646@chaparralstaracademy.com,KADIN,WARD
1975@chaparralstaracademy.com,KALID,AHMED
2068@chaparralstaracademy.com,KARA,WALKER
2144@chaparralstaracademy.com,Kashinathan,Nair
2199@chaparralstaracademy.com,Katherine,Mintier
2026@chaparralstaracademy.com,KATHRYN,BONILLA
1208@chaparralstaracademy.com,KATHRYNE,DALLO
1874@chaparralstaracademy.com,KATIE,CHIU
2042@chaparralstaracademy.com,KELLYN,HEFFERNAN
1933@chaparralstaracademy.com,KEVIN,KUHN
2110@chaparralstaracademy.com,KHANG,DANG
1283@chaparralstaracademy.com,KIARA,WALLACE
1826@chaparralstaracademy.com,KIERA,FRANKLIN
1407@chaparralstaracademy.com,KIERA,MCMURTRIE
1405@chaparralstaracademy.com,KIMBER,HAGEMAN
2019@chaparralstaracademy.com,KIMBERLY,CARRILLO
2095@chaparralstaracademy.com,KIRA,ELLIS
2077@chaparralstaracademy.com,KIRA,HALEY
2049@chaparralstaracademy.com,KIRTAN,DESAI
1068@chaparralstaracademy.com,KONRAD,GUCKIAN
0015@chaparralstaracademy.com,KRISTIN,PEREZ
2162@chaparralstaracademy.com,Kyrah,Clements
1427@chaparralstaracademy.com,LANDON,HENNINGER
1873@chaparralstaracademy.com,LARA,HARPER
2048@chaparralstaracademy.com,LAURA,HUNEYCUTT
1837@chaparralstaracademy.com,LAUREN,MCBRIDE
0987@chaparralstaracademy.com,LAUREN,SCHOLLING
1735@chaparralstaracademy.com,LEANNE,WILSON
1373@chaparralstaracademy.com,LEVI,MOSS
2124@chaparralstaracademy.com,Liana,Underwood
1701@chaparralstaracademy.com,LINA,HUDAK
1008@chaparralstaracademy.com,LINDSEY,SCHOLLING
1779@chaparralstaracademy.com,LOGAN,WINKLER
1235@chaparralstaracademy.com,LOGAN,YOUNG
2203@chaparralstaracademy.com,Lucas,Tenrreiro
1751@chaparralstaracademy.com,LUCY,DAVILA
0958@chaparralstaracademy.com,MACKENZIE,HUDSON
2059@chaparralstaracademy.com,MADELINE,NAVARRETE
1337@chaparralstaracademy.com,MADISON,THOMAS
1633@chaparralstaracademy.com,MADISON,WINKLER
1792@chaparralstaracademy.com,MAHIMA,SINGH
1974@chaparralstaracademy.com,MARCUS,RESENDEZ
1365@chaparralstaracademy.com,MARIANNA,HEROLD
1801@chaparralstaracademy.com,MARICELA,SILVA-GONZALEZ
2035@chaparralstaracademy.com,MARTIN,KREITLER
1577@chaparralstaracademy.com,MARZUQ,MAZID
1154@chaparralstaracademy.com,Matiss,Fox
1770@chaparralstaracademy.com,MATTHEW,BRANDON
2140@chaparralstaracademy.com,Matthew,Broz
1738@chaparralstaracademy.com,MATTHEW,GUNTER
1392@chaparralstaracademy.com,MAYA,CAMPBELL
2122@chaparralstaracademy.com,McKenzie,Sumner
0843@chaparralstaracademy.com,MEGAN,CLARKE
1607@chaparralstaracademy.com,MELISSA,PINCKARD
1571@chaparralstaracademy.com,MIA,CALVILLO
1377@chaparralstaracademy.com,Micah,Hunter
2079@chaparralstaracademy.com,MICHAEL,OLSON
1983@chaparralstaracademy.com,MILES,CAREY
1813@chaparralstaracademy.com,MILLA,RUTHVEN
1389@chaparralstaracademy.com,MIRANDA,AUDINO
1222@chaparralstaracademy.com,MORGAN,GUNTER
1539@chaparralstaracademy.com,MUBASHIRA,SIDDIQUI
1864@chaparralstaracademy.com,MUBASSHARA,GALIB
2153@chaparralstaracademy.com,Muhammad,Diawara
2185@chaparralstaracademy.com,Muhammad,Huzaifa
2184@chaparralstaracademy.com,Muhammad,Khuzaima
2213@chaparralstaracademy.com,Muhammed,Iyoob
2149@chaparralstaracademy.com,Muntaha,Irfan
1725@chaparralstaracademy.com,NATALIE,DAVIS
1966@chaparralstaracademy.com,NATASHA,SAGAR
1384@chaparralstaracademy.com,Nathan,Ray
2152@chaparralstaracademy.com,Nathan,Saldana
2090@chaparralstaracademy.com,Nathaniel,Gabler
2041@chaparralstaracademy.com,NAYELI,LARA
2169@chaparralstaracademy.com,Nevaeh,Cadenhead
2176@chaparralstaracademy.com,Niamh,Spring
2205@chaparralstaracademy.com,Nibraas,Syed
1978@chaparralstaracademy.com,NICKOLAS,NEWSOM
1752@chaparralstaracademy.com,NOA,JOHNSON
1572@chaparralstaracademy.com,NOAH,CALVILLO
2038@chaparralstaracademy.com,NOAH,DEJESUS
2189@chaparralstaracademy.com,Noah,Mancini
2197@chaparralstaracademy.com,Olive,Pearsall
2175@chaparralstaracademy.com,Olivia,Olson
2032@chaparralstaracademy.com,PAIGE,FELT
1947@chaparralstaracademy.com,PAREESA,HAMED
1969@chaparralstaracademy.com,PAYTON,JONES
1530@chaparralstaracademy.com,PAYTON,PALM
1737@chaparralstaracademy.com,PEYTON,MCMURTRIE
2196@chaparralstaracademy.com,Pia,Harden
1957@chaparralstaracademy.com,PIPER,STOVALL
1707@chaparralstaracademy.com,PRIYA,NIEZGODA
1723@chaparralstaracademy.com,RAANI,DHARAMCY
2024@chaparralstaracademy.com,RACHAEL ANN,SANFORD
1679@chaparralstaracademy.com,RACHEL,EDDLEMAN
2166@chaparralstaracademy.com,Rachel,Gunter
1305@chaparralstaracademy.com,RACHEL,NGUYEN
1797@chaparralstaracademy.com,RAFIAH,GALIB
2081@chaparralstaracademy.com,Raiyan,Rahman
1221@chaparralstaracademy.com,RANDY,DENIS
2208@chaparralstaracademy.com,Reagan,Beeson
1603@chaparralstaracademy.com,REAGAN,DATHE
1781@chaparralstaracademy.com,REIGN,STUART
1437@chaparralstaracademy.com,RIENNE,HAMMETT
1796@chaparralstaracademy.com,RILEY,PEARCE
2088@chaparralstaracademy.com,Riley,Underwood
1692@chaparralstaracademy.com,RYAN,AMES
1419@chaparralstaracademy.com,RYAN,BLASCHKE
0925@chaparralstaracademy.com,RYLAN,DENIS
2168@chaparralstaracademy.com,Safaa,Syed
2183@chaparralstaracademy.com,Samantha,Rodriguez Chairez
1882@chaparralstaracademy.com,SAMUEL,MCDONALD
1825@chaparralstaracademy.com,SAMUEL,NELSON
1703@chaparralstaracademy.com,SARA,BRADLEY
1931@chaparralstaracademy.com,SARA,HERBOWY
0676@chaparralstaracademy.com,SARA,MOORE
2133@chaparralstaracademy.com,Sarah,Meyers
1920@chaparralstaracademy.com,SAVANNAH,BURROW
1677@chaparralstaracademy.com,SAXONEE,ARREAGA
1859@chaparralstaracademy.com,SEAN,SCHAEFERS
1573@chaparralstaracademy.com,SELESTE,MARKERT
2017@chaparralstaracademy.com,SENYA,BATES
2155@chaparralstaracademy.com,Siena,Dip
2171@chaparralstaracademy.com,Simon,Herold
1186@chaparralstaracademy.com,SIMON,KLIEWER
2057@chaparralstaracademy.com,SOPHIA,KINIKIN
2028@chaparralstaracademy.com,SOPHIA,TENRREIRO
1918@chaparralstaracademy.com,SURAVI,KARPE
2135@chaparralstaracademy.com,Sydney,Boudreaux
1333@chaparralstaracademy.com,SYDNEY,HOPKINS
2069@chaparralstaracademy.com,SYDNEY,STONER
2194@chaparralstaracademy.com,Sylas,Washburn
2092@chaparralstaracademy.com,TARYN,HILL
1609@chaparralstaracademy.com,TARYN,LAURENCE
2027@chaparralstaracademy.com,TAYLOR,NGUYEN
2101@chaparralstaracademy.com,THIENBAO,DANG
2139@chaparralstaracademy.com,Thomas,Burbridge
1265@chaparralstaracademy.com,THOMAS,GUNTER
1227@chaparralstaracademy.com,THOMAS,NUNNALLY
2143@chaparralstaracademy.com,Tommy,Ramsey
2117@chaparralstaracademy.com,Trinity,McCourt
2045@chaparralstaracademy.com,TYLER,SPIESS
1687@chaparralstaracademy.com,VELANDRA,BROCHI
2132@chaparralstaracademy.com,VICTORIA,DE LA CRUZ
1736@chaparralstaracademy.com,VIVIAN,TOWNSEND
1381@chaparralstaracademy.com,XANDER,VOGEL
2207@chaparralstaracademy.com,Yareli,Maldonado
2070@chaparralstaracademy.com,YUSEF,KHAN
2114@chaparralstaracademy.com,Yusha,Ammar
1793@chaparralstaracademy.com,YUSLAND,SILVA GONZALEZ
1802@chaparralstaracademy.com,YUSUF,DIAWARA
1948@chaparralstaracademy.com,YUSUF,IYOOB
2142@chaparralstaracademy.com,Yusuf,Russell
2062@chaparralstaracademy.com,YUTAKA,MCCARTNEY
1391@chaparralstaracademy.com,ZACHARY,KLIEWER
1579@chaparralstaracademy.com,ZANE,JAMES
2204@chaparralstaracademy.com,Zunnoon,Syed
